Let Her Go (Instrumental),992399239923892389238933893388f268d26ad26ed86ed86edc6edc6edc7edc,848d81bcdff8d379ff63fb477be37fe338c72c870497041c11380238663c221c,8133822c82bd71cc4df114f8edf375ec123ce30c82128e2db20e71d37ded1df3
Let Her Go (Original),a484a484ac87a887a8a7a2a787a707bb47ba557851785978597959795b795b78,9b7a9b7b9b739b73db73df715df16cd464942486248e248c248c648d648c668c,817a13681213e5af6df32c8dedfbe5ad12159378920e1b48920ce5b36fd16c87
Let Her Go (Vocals),a484a484ac87a887aa87a2a787af47ab57bb557a517859785979197919791979,a498a489ac8cac988cd8cc711d711f7113743b6733e6332e732f73275366536e,8c1b19d81bd2e62f167c66c4346ee62d1b9219f9cd0b19d8e9c3e4277374e606
Shake It Out (instruments),813a813e813e813e813e80be80bf82ef82ef82ef82ef82fb82fb82fb82fa82fa,ff82ff80ff80ff81ffc1ffc13f003ee104fb017a007e007e007e007e007f00ff,ed32c90916991dbde922c8521dbd169dc940e8627dad16dd16dde966e24217cd
Shake It Out (lyrics),82dcb8de7ca25d224f6207763775b635bebde8ae692a692b40c184c594d495d4,edbd502afb3a80e5f82a85fd7001cbba34450fa936460b931fc50fd12b971dc5,e0497a5700e9c3ddfa1bb441431e81fe68e5f61bc19537620deccbbd3e0a09e4
Shake It Out (Original),80de80be892a892a812a837e877f86ff82bf8aafc92bc12b80eb80e586fc87fe,bfaaf520ff02dd41fe02bff1a4416b7e005d03fd125512d740df00ff02fe007c,e409685d02fdcafdf411e8402fbf02fde842f413c5f50afe0beef5013a0a0bec
Stan(instrumental),c5dcc5fcc5fcc5fcc5fcc1fcc1fcc1f8c1f8c1f8c1e8c1a8c1a881aa81aa81aa,c1fbfe7dfa3ffbfe6abe6ab600b342f407412509144914611745574455451745,de956a7c01ec5013f426eb7dbb7c5443008229b8ee4cde150bfb20ec91b3de47
Stan(Original),99ecd9fcc5dde4d9e198c1acc1a4c1acc1b8e5b9c1f9d1e891ee81aa81ab818b,c1f1e6d9da76e7dd59ec34c9116e1dee3b2208064a060a172617671766d32e57,f6315a7c11ec4042f636ebfdefdd5493408321e8eeddfe5109c901ae9022d617
Stan(vocals),99ec99ec66d9669962132a2219261926649964d9e7d9dbfd9b669b6d26892499,99e4e6d999e6e6d9db24f4d993665dcf333e58540a970a1728172b172a170a16,8a3fcb769f670a60207071cb6b8c759b619c308b20282409dd87cbf7dd5fce74
sweetdreams(instruments),aaacaaaceaaceaaceaacaaacaaacaaacaaacaaacaaacaaaca2aca2aca6aca6a8,8aae8eec8a7f9abd9edc9e3c143d5527450571d371c371c261c265c371a26523,be20eff8d7f8b224e2f8dff8ac30fbf8cdd2920520ac56d20007292d1d574517
sweetdreams(lyrics),9c539e538e59c6754c356995699d79ad71aa73ca324a326a32ca71ca718b618d,8e3d863d8e3434cb3bca7bcb7bce69db5b42ce21c52484359634c4358e1463d6,8f8daec5e7d3734e735ad3dae6cc8d9dafe47396731e32d18c218c248c200c60
sweetdreams(original),9a398a3d8a2cca2cca2ceaaceaaceaaceaace2aea2aea2aea2aee28ce38ce38c,e3ade3cde3cff1cbf3cf73df7bdb2ad319420d73052504211e300e300e300f14,d512b5f0f9f8e11bf978dbf0f4529cdab5f0f12961bd6189040596569e400ec6
Wish You Were Here (Instruments),a012a012a013a75385538c138c15841586d586f586f5d6f5f6d5f6f5d6f55ef5,fa33ca3fcb3bea33ea33d816d49f10cd0d8d67c027c403d476e405cc1dcc15cc,981812c5f7b903327d548d1a5de60372a7d932a7802ad0c582bb6f3a7fd5ed58
Wish You Were Here (Vocals),8e33ae37b42fb52c35c871c871c851c843504a72ca738a37aa37eab672d675cc,bd3cb53cb578fd7ccef4cbf44bd04ad71417100f330b3287428343c34bc34bc1,c26ee5d6a2cef597320754973e277cbf982cbc708c7c8c60c95873cc63834389
Wish You Were Here,ae33ae33ac3bb52e35c831c871c851c847504a71ca758a35aa37eab672d675cc,9348834c8348e344ef54da54dac006df143b742b353f3c3f7cb36c9b1c971cb3,cb4892f3f32a253f7ca7cd0e7ca6251fa37e12f3c3489ac18348632a3c37ad0c
y2mate.com - Eminem  Stan Short Version ft Dido (1) [music],c5dcc5fcc5fcc5fcc5fcc1fcc1fcc1f8c1f8c1f8c1e8c1a8c1a881aa81aa81aa,c1fbfe7dfa3ffbfe6abe6ab600b342f407412509144914611745574455451745,de956a7c01ec5013f426eb7dbb7c5443008229b8ee4cde150bfb20ec91b3de47
y2mate.com - Eminem  Stan Short Version ft Dido (1) [vocals],99ec99ec66d9669962132a2219261926649964d9e7d9dbfd9b669b6d26892499,99e4e6d999e6e6d9db24f4d993665dcf333e58540a970a1728172b172a170a16,8a3fcb769f670a60207071cb6b8c759b619c308b20282409dd87cbf7dd5fce74
